repository,branch,filename,bbd,repo,last_run_time,codelist,old,new,delta,delta%
opensafely/dmd_codelist_investigation,main,codelists/opensafely-levothyroxine.csv,2021-05-26,opensafely/dmd_codelist_investigation,2022-09-03 15:46:05+00:00,opensafely-levothyroxine,164147,55372271,55208124,33633
opensafely/Shared-Care-Monitoring,main,codelists/opensafely-levothyroxine.csv,2021-05-26,opensafely/Shared-Care-Monitoring,2022-09-13 09:18:55+00:00,opensafely-levothyroxine,164147,55372271,55208124,33633
opensafely/covid-ve-change-over-time,include-prev-infection,codelists/opensafely-influenza-vaccination.csv,2021-05-26,opensafely/covid-ve-change-over-time,2022-05-23 10:25:55+00:00,opensafely-influenza-vaccination,952,26377,25425,2671
opensafely/amr-uom-brit,main,codelists/opensafely-influenza-vaccination.csv,2021-05-26,opensafely/amr-uom-brit,2022-09-08 10:09:48+00:00,opensafely-influenza-vaccination,952,26377,25425,2671
opensafely/oral-anticoagulant-covid-outcome,main,codelists/opensafely-influenza-vaccination.csv,2021-05-26,opensafely/oral-anticoagulant-covid-outcome,2021-10-18 10:50:09+00:00,opensafely-influenza-vaccination,952,26377,25425,2671
opensafely/dmd_codelist_investigation,main,codelists/opensafely-influenza-vaccination.csv,2021-05-26,opensafely/dmd_codelist_investigation,2022-09-03 15:46:05+00:00,opensafely-influenza-vaccination,952,26377,25425,2671
opensafely/covid-ve-change-over-time,previous-infection,codelists/opensafely-influenza-vaccination.csv,2021-05-26,opensafely/covid-ve-change-over-time,2022-04-14 11:46:06+00:00,opensafely-influenza-vaccination,952,26377,25425,2671
opensafely/covid-ve-change-over-time,main,codelists/opensafely-influenza-vaccination.csv,2021-05-26,opensafely/covid-ve-change-over-time,2022-03-04 15:04:34+00:00,opensafely-influenza-vaccination,952,26377,25425,2671
opensafely/waning-ve-3dose,main,codelists/opensafely-influenza-vaccination.csv,2021-05-26,opensafely/waning-ve-3dose,2022-09-06 08:52:22+00:00,opensafely-influenza-vaccination,952,26377,25425,2671
opensafely/covid-ve-change-over-time,define-covs-at-svp,codelists/opensafely-influenza-vaccination.csv,2021-05-26,opensafely/covid-ve-change-over-time,2022-06-28 07:12:29+00:00,opensafely-influenza-vaccination,952,26377,25425,2671
opensafely/covid-vaccine-effectiveness-research,positivity,codelists/opensafely-influenza-vaccination.csv,2021-05-26,opensafely/covid-vaccine-effectiveness-research,2022-01-04 20:30:49+00:00,opensafely-influenza-vaccination,952,26377,25425,2671
opensafely/covid-vaccine-effectiveness-research,main,codelists/opensafely-influenza-vaccination.csv,2021-05-26,opensafely/covid-vaccine-effectiveness-research,2021-07-02 12:30:09+00:00,opensafely-influenza-vaccination,952,26377,25425,2671
opensafely/carehome-noncarehome-death-research,master,codelists/opensafely-influenza-vaccination.csv,2021-05-26,opensafely/carehome-noncarehome-death-research,2021-09-11 07:35:05+00:00,opensafely-influenza-vaccination,952,26377,25425,2671
opensafely/anticoagulants-research,master,codelists/opensafely-influenza-vaccination.csv,2021-05-26,opensafely/anticoagulants-research,2021-07-28 12:43:16+00:00,opensafely-influenza-vaccination,952,26377,25425,2671
opensafely/waning-ve-2dose-cancer,main,codelists/opensafely-influenza-vaccination.csv,2021-05-26,opensafely/waning-ve-2dose-cancer,2022-07-07 12:41:30+00:00,opensafely-influenza-vaccination,952,26377,25425,2671
opensafely/amr-uom-brit,service_evaluation,codelists/opensafely-influenza-vaccination.csv,2021-05-26,opensafely/amr-uom-brit,2022-09-13 15:48:40+00:00,opensafely-influenza-vaccination,952,26377,25425,2671
opensafely/amr-uom-brit,test_6m,codelists/opensafely-influenza-vaccination.csv,2021-05-26,opensafely/amr-uom-brit,2022-02-11 18:11:33+00:00,opensafely-influenza-vaccination,952,26377,25425,2671
opensafely/amr-uom-brit,hospitalisation_simple,codelists/opensafely-influenza-vaccination.csv,2021-05-26,opensafely/amr-uom-brit,2022-06-08 12:15:32+00:00,opensafely-influenza-vaccination,952,26377,25425,2671
opensafely/amr-uom-brit,ab_covid_2,codelists/opensafely-influenza-vaccination.csv,2021-05-26,opensafely/amr-uom-brit,2022-09-06 10:42:23+00:00,opensafely-influenza-vaccination,952,26377,25425,2671
opensafely/Factors-associated-with-COVID-19-vaccination,master,codelists/opensafely-influenza-vaccination.csv,2021-05-26,opensafely/Factors-associated-with-COVID-19-vaccination,2021-09-01 10:29:21+00:00,opensafely-influenza-vaccination,952,26377,25425,2671
opensafely/amr-uom-brit,CC_AB_V3,codelists/opensafely-influenza-vaccination.csv,2021-05-26,opensafely/amr-uom-brit,2022-04-20 22:14:31+00:00,opensafely-influenza-vaccination,952,26377,25425,2671
opensafely/amr-uom-brit,CC_AB_covid_V2,codelists/opensafely-influenza-vaccination.csv,2021-05-26,opensafely/amr-uom-brit,2022-02-17 12:52:30+00:00,opensafely-influenza-vaccination,952,26377,25425,2671
opensafely/amr-uom-brit,CC_outcome_2,codelists/opensafely-influenza-vaccination.csv,2021-05-26,opensafely/amr-uom-brit,2022-09-12 17:03:40+00:00,opensafely-influenza-vaccination,952,26377,25425,2671
opensafely/amr-uom-brit,CC_outcome_3,codelists/opensafely-influenza-vaccination.csv,2021-05-26,opensafely/amr-uom-brit,2022-09-12 17:14:22+00:00,opensafely-influenza-vaccination,952,26377,25425,2671
opensafely/amr-uom-brit,hospitalisation_rate,codelists/opensafely-influenza-vaccination.csv,2021-05-26,opensafely/amr-uom-brit,2022-08-08 14:13:54+00:00,opensafely-influenza-vaccination,952,26377,25425,2671
opensafely/amr-uom-brit,ab_covid_1,codelists/opensafely-influenza-vaccination.csv,2021-05-26,opensafely/amr-uom-brit,2022-09-05 17:16:55+00:00,opensafely-influenza-vaccination,952,26377,25425,2671
opensafely/amr-uom-brit,abtype_plot,codelists/opensafely-influenza-vaccination.csv,2021-05-26,opensafely/amr-uom-brit,2022-02-15 16:10:10+00:00,opensafely-influenza-vaccination,952,26377,25425,2671
opensafely/amr-uom-brit,antibiotics_with_indications,codelists/opensafely-influenza-vaccination.csv,2021-05-26,opensafely/amr-uom-brit,2022-02-11 01:08:08+00:00,opensafely-influenza-vaccination,952,26377,25425,2671
opensafely/amr-uom-brit,broad_ITS,codelists/opensafely-influenza-vaccination.csv,2021-05-26,opensafely/amr-uom-brit,2022-09-13 12:53:35+00:00,opensafely-influenza-vaccination,952,26377,25425,2671
opensafely/amr-uom-brit,case_control_AB_covid,codelists/opensafely-influenza-vaccination.csv,2021-05-26,opensafely/amr-uom-brit,2022-01-24 22:04:13+00:00,opensafely-influenza-vaccination,952,26377,25425,2671
opensafely/amr-uom-brit,hosp_pred,codelists/opensafely-influenza-vaccination.csv,2021-05-26,opensafely/amr-uom-brit,2022-09-12 19:52:45+00:00,opensafely-influenza-vaccination,952,26377,25425,2671
opensafely/amr-uom-brit,hospitalisation,codelists/opensafely-influenza-vaccination.csv,2021-05-26,opensafely/amr-uom-brit,2022-04-09 13:34:35+00:00,opensafely-influenza-vaccination,952,26377,25425,2671
opensafely/waning-ve-2dose-1year,main,codelists/opensafely-influenza-vaccination.csv,2021-05-26,opensafely/waning-ve-2dose-1year,2022-07-18 12:09:47+00:00,opensafely-influenza-vaccination,952,26377,25425,2671
opensafely/dmd_codelist_investigation,main,codelists/opensafely-sama-medication.csv,2020-08-19,opensafely/dmd_codelist_investigation,2022-09-03 15:46:05+00:00,opensafely-sama-medication,62624,387945,325321,519
opensafely/DISECT_UK_India_COVID,main,codelists/opensafely-calcium-channel-blockers.csv,2020-07-15,opensafely/DISECT_UK_India_COVID,2022-09-01 17:48:17+00:00,opensafely-calcium-channel-blockers,13486569,71804648,58318079,432
opensafely/Ethnicity-2nd-wave,master,codelists/opensafely-calcium-channel-blockers.csv,2020-07-15,opensafely/Ethnicity-2nd-wave,2021-01-22 12:50:28+00:00,opensafely-calcium-channel-blockers,13486569,71804648,58318079,432
opensafely/dmd_codelist_investigation,main,codelists/opensafely-calcium-channel-blockers.csv,2020-07-15,opensafely/dmd_codelist_investigation,2022-09-03 15:46:05+00:00,opensafely-calcium-channel-blockers,13486569,71804648,58318079,432
opensafely/ethnicity-covid-3rd-wave,master,codelists/opensafely-calcium-channel-blockers.csv,2020-07-15,opensafely/ethnicity-covid-3rd-wave,2021-05-06 17:50:02+00:00,opensafely-calcium-channel-blockers,13486569,71804648,58318079,432
opensafely/Ethnicity-2nd-wave,remove-ICU-outcome,codelists/opensafely-calcium-channel-blockers.csv,2020-07-15,opensafely/Ethnicity-2nd-wave,2021-01-12 14:35:10+00:00,opensafely-calcium-channel-blockers,13486569,71804648,58318079,432
opensafely/dmd_codelist_investigation,main,codelists/opensafely-nebulised-asthma-and-copd-medications.csv,2018-04-18,opensafely/dmd_codelist_investigation,2022-09-03 15:46:05+00:00,opensafely-nebulised-asthma-and-copd-medications,267078,1093325,826247,309
opensafely/DISECT_UK_India_COVID,main,codelists/opensafely-statin-medication.csv,2021-05-26,opensafely/DISECT_UK_India_COVID,2022-09-01 17:48:17+00:00,opensafely-statin-medication,40626506,125800618,85174112,210
opensafely/FLUCATS,study-def-performance,codelists/opensafely-statin-medication.csv,2021-05-26,opensafely/FLUCATS,2022-09-12 12:50:26+00:00,opensafely-statin-medication,40626506,125800618,85174112,210
opensafely/NICE-audit-lipids,main,codelists/opensafely-statin-medication.csv,2021-05-26,opensafely/NICE-audit-lipids,2022-05-23 16:31:13+00:00,opensafely-statin-medication,40626506,125800618,85174112,210
opensafely/FLUCATS,main,codelists/opensafely-statin-medication.csv,2021-05-26,opensafely/FLUCATS,2022-09-12 17:15:45+00:00,opensafely-statin-medication,40626506,125800618,85174112,210
opensafely/dmd_codelist_investigation,main,codelists/opensafely-statin-medication.csv,2021-05-26,opensafely/dmd_codelist_investigation,2022-09-03 15:46:05+00:00,opensafely-statin-medication,40626506,125800618,85174112,210
opensafely/hh-classification-research,master,codelists/opensafely-asthma-inhaler-salbutamol-medication.csv,2020-10-21,opensafely/hh-classification-research,2022-06-16 10:20:04+00:00,opensafely-asthma-inhaler-salbutamol-medication,12078204,34181467,22103263,183
opensafely/gh-testing-research,master,codelists/opensafely-asthma-inhaler-salbutamol-medication.csv,2020-10-21,opensafely/gh-testing-research,2021-08-12 14:36:04+00:00,opensafely-asthma-inhaler-salbutamol-medication,12078204,34181467,22103263,183
opensafely/ethnicity-covid-3rd-wave,master,codelists/opensafely-asthma-inhaler-salbutamol-medication.csv,2020-10-21,opensafely/ethnicity-covid-3rd-wave,2021-05-06 17:50:02+00:00,opensafely-asthma-inhaler-salbutamol-medication,12078204,34181467,22103263,183
opensafely/dmd_codelist_investigation,main,codelists/opensafely-asthma-inhaler-salbutamol-medication.csv,2020-10-21,opensafely/dmd_codelist_investigation,2022-09-03 15:46:05+00:00,opensafely-asthma-inhaler-salbutamol-medication,12078204,34181467,22103263,183
opensafely/SGTF-Omi-research,main,codelists/opensafely-asthma-inhaler-salbutamol-medication.csv,2020-10-21,opensafely/SGTF-Omi-research,2022-02-17 16:00:00+00:00,opensafely-asthma-inhaler-salbutamol-medication,12078204,34181467,22103263,183
opensafely/covid-vs-noncovid-deaths-research,master,codelists/opensafely-asthma-inhaler-salbutamol-medication.csv,2020-10-21,opensafely/covid-vs-noncovid-deaths-research,2021-07-21 08:15:48+00:00,opensafely-asthma-inhaler-salbutamol-medication,12078204,34181467,22103263,183
opensafely/SGTF-CFR-research,master,codelists/opensafely-asthma-inhaler-salbutamol-medication.csv,2020-10-21,opensafely/SGTF-CFR-research,2021-07-13 12:25:28+00:00,opensafely-asthma-inhaler-salbutamol-medication,12078204,34181467,22103263,183
opensafely/SGTF-617-research,master,codelists/opensafely-asthma-inhaler-salbutamol-medication.csv,2020-10-21,opensafely/SGTF-617-research,2021-07-21 10:01:45+00:00,opensafely-asthma-inhaler-salbutamol-medication,12078204,34181467,22103263,183
opensafely/OS_VidGroupClinic_v001-research,snomed-version,codelists/opensafely-asthma-inhaler-salbutamol-medication.csv,2020-10-21,opensafely/OS_VidGroupClinic_v001-research,2021-04-30 16:48:45+00:00,opensafely-asthma-inhaler-salbutamol-medication,12078204,34181467,22103263,183
opensafely/Ethnicity-2nd-wave,remove-ICU-outcome,codelists/opensafely-asthma-inhaler-salbutamol-medication.csv,2020-10-21,opensafely/Ethnicity-2nd-wave,2021-01-12 14:35:10+00:00,opensafely-asthma-inhaler-salbutamol-medication,12078204,34181467,22103263,183
opensafely/households-research,master,codelists/opensafely-asthma-inhaler-salbutamol-medication.csv,2020-10-21,opensafely/households-research,2020-12-29 21:50:45+00:00,opensafely-asthma-inhaler-salbutamol-medication,12078204,34181467,22103263,183
opensafely/non-specific-immunity-research,DG-Dev,codelists/opensafely-asthma-inhaler-salbutamol-medication.csv,2020-10-21,opensafely/non-specific-immunity-research,2020-12-15 13:55:10+00:00,opensafely-asthma-inhaler-salbutamol-medication,12078204,34181467,22103263,183
opensafely/os-sch-children-2021,main,codelists/opensafely-asthma-inhaler-salbutamol-medication.csv,2020-10-21,opensafely/os-sch-children-2021,2022-05-29 19:53:05+00:00,opensafely-asthma-inhaler-salbutamol-medication,12078204,34181467,22103263,183
opensafely/immunosuppressant-meds-research,master,codelists/opensafely-asthma-inhaler-salbutamol-medication.csv,2020-10-21,opensafely/immunosuppressant-meds-research,2022-05-04 17:09:22+00:00,opensafely-asthma-inhaler-salbutamol-medication,12078204,34181467,22103263,183
opensafely/Ethnicity-2nd-wave,master,codelists/opensafely-asthma-inhaler-salbutamol-medication.csv,2020-10-21,opensafely/Ethnicity-2nd-wave,2021-01-22 12:50:28+00:00,opensafely-asthma-inhaler-salbutamol-medication,12078204,34181467,22103263,183
opensafely/long-covid-sick-notes,master,codelists/opensafely-asthma-inhaler-salbutamol-medication.csv,2020-10-21,opensafely/long-covid-sick-notes,2022-05-22 12:51:19+00:00,opensafely-asthma-inhaler-salbutamol-medication,12078204,34181467,22103263,183
opensafely/long-covid-risk-factors-and-prediction,main,codelists/opensafely-asthma-inhaler-salbutamol-medication.csv,2020-10-21,opensafely/long-covid-risk-factors-and-prediction,2022-09-11 15:46:56+00:00,opensafely-asthma-inhaler-salbutamol-medication,12078204,34181467,22103263,183
opensafely/long-covid-historical-health,main,codelists/opensafely-asthma-inhaler-salbutamol-medication.csv,2020-10-21,opensafely/long-covid-historical-health,2021-06-27 21:29:22+00:00,opensafely-asthma-inhaler-salbutamol-medication,12078204,34181467,22103263,183
opensafely/long-covid,simplified-for-ce2,codelists/opensafely-asthma-inhaler-salbutamol-medication.csv,2020-10-21,opensafely/long-covid,2021-08-04 15:56:38+00:00,opensafely-asthma-inhaler-salbutamol-medication,12078204,34181467,22103263,183
opensafely/long-covid,imd,codelists/opensafely-asthma-inhaler-salbutamol-medication.csv,2020-10-21,opensafely/long-covid,2022-07-18 23:18:33+00:00,opensafely-asthma-inhaler-salbutamol-medication,12078204,34181467,22103263,183
opensafely/long-covid,EMIS,codelists/opensafely-asthma-inhaler-salbutamol-medication.csv,2020-10-21,opensafely/long-covid,2022-03-14 15:56:51+00:00,opensafely-asthma-inhaler-salbutamol-medication,12078204,34181467,22103263,183
opensafely/imd-breakdown,master,codelists/opensafely-asthma-inhaler-salbutamol-medication.csv,2020-10-21,opensafely/imd-breakdown,2021-02-05 12:58:11+00:00,opensafely-asthma-inhaler-salbutamol-medication,12078204,34181467,22103263,183
opensafely/post-admission-admissions-research,master,codelists/opensafely-asthma-inhaler-salbutamol-medication.csv,2020-10-21,opensafely/post-admission-admissions-research,2021-10-04 15:29:12+00:00,opensafely-asthma-inhaler-salbutamol-medication,12078204,34181467,22103263,183
opensafely/reinfection,master,codelists/opensafely-asthma-inhaler-salbutamol-medication.csv,2020-10-21,opensafely/reinfection,2021-03-02 18:20:22+00:00,opensafely-asthma-inhaler-salbutamol-medication,12078204,34181467,22103263,183
opensafely/restoration-observatory-emis-research,JPearson_MMR,codelists/opensafely-asthma-inhaler-salbutamol-medication.csv,2020-10-21,opensafely/restoration-observatory-emis-research,2020-12-17 18:38:51+00:00,opensafely-asthma-inhaler-salbutamol-medication,12078204,34181467,22103263,183
opensafely/school-age-children-and-covid,master,codelists/opensafely-asthma-inhaler-salbutamol-medication.csv,2020-10-21,opensafely/school-age-children-and-covid,2020-10-30 18:10:49.909320+00:00,opensafely-asthma-inhaler-salbutamol-medication,12078204,34181467,22103263,183
opensafely/school-age-children-and-covid2,master,codelists/opensafely-asthma-inhaler-salbutamol-medication.csv,2020-10-21,opensafely/school-age-children-and-covid2,2021-08-11 09:28:55+00:00,opensafely-asthma-inhaler-salbutamol-medication,12078204,34181467,22103263,183
opensafely/vaccine-eligibility,master,codelists/opensafely-asthma-inhaler-salbutamol-medication.csv,2020-10-21,opensafely/vaccine-eligibility,2021-01-04 15:39:26+00:00,opensafely-asthma-inhaler-salbutamol-medication,12078204,34181467,22103263,183
opensafely/vaccine-eligibility,will-run,codelists/opensafely-asthma-inhaler-salbutamol-medication.csv,2020-10-21,opensafely/vaccine-eligibility,2020-12-17 09:54:25+00:00,opensafely-asthma-inhaler-salbutamol-medication,12078204,34181467,22103263,183
opensafely/non-specific-immunity-research,master,codelists/opensafely-asthma-inhaler-salbutamol-medication.csv,2020-10-21,opensafely/non-specific-immunity-research,2021-03-25 21:27:54+00:00,opensafely-asthma-inhaler-salbutamol-medication,12078204,34181467,22103263,183
opensafely/dmd_codelist_investigation,main,codelists/opensafely-saba-inhaler-medications.csv,2020-10-21,opensafely/dmd_codelist_investigation,2022-09-03 15:46:05+00:00,opensafely-saba-inhaler-medications,12835362,34938625,22103263,172
opensafely/antidepressant-prescribing-lda,reformatting,codelists/opensafely-selective-serotonin-reuptake-inhibitors-dmd.csv,2021-05-26,opensafely/antidepressant-prescribing-lda,2022-09-09 14:27:58+00:00,opensafely-selective-serotonin-reuptake-inhibitors-dmd,41142962,73621383,32478421,79
opensafely/antidepressant-prescribing-lda,test,codelists/opensafely-selective-serotonin-reuptake-inhibitors-dmd.csv,2021-05-26,opensafely/antidepressant-prescribing-lda,2022-08-19 10:41:18+00:00,opensafely-selective-serotonin-reuptake-inhibitors-dmd,41142962,73621383,32478421,79
opensafely/lone_households,main,codelists/opensafely-selective-serotonin-reuptake-inhibitors-dmd.csv,2021-05-26,opensafely/lone_households,2022-08-29 10:00:25+00:00,opensafely-selective-serotonin-reuptake-inhibitors-dmd,41142962,73621383,32478421,79
opensafely/covid-unvaccinated-aimpaper,main,codelists/opensafely-selective-serotonin-reuptake-inhibitors-dmd.csv,2021-05-26,opensafely/covid-unvaccinated-aimpaper,2021-10-03 14:02:47+00:00,opensafely-selective-serotonin-reuptake-inhibitors-dmd,41142962,73621383,32478421,79
opensafely/CareHomePrescribing,main,codelists/opensafely-selective-serotonin-reuptake-inhibitors-dmd.csv,2021-05-26,opensafely/CareHomePrescribing,2022-01-18 11:33:33+00:00,opensafely-selective-serotonin-reuptake-inhibitors-dmd,41142962,73621383,32478421,79
opensafely/dmd_codelist_investigation,main,codelists/opensafely-selective-serotonin-reuptake-inhibitors-dmd.csv,2021-05-26,opensafely/dmd_codelist_investigation,2022-09-03 15:46:05+00:00,opensafely-selective-serotonin-reuptake-inhibitors-dmd,41142962,73621383,32478421,79
opensafely/DISECT_UK_India_COVID,main,codelists/opensafely-thiazide-type-diuretic-medication.csv,2020-09-23,opensafely/DISECT_UK_India_COVID,2022-09-01 17:48:17+00:00,opensafely-thiazide-type-diuretic-medication,13699033,21697688,7998655,58
opensafely/Ethnicity-2nd-wave,master,codelists/opensafely-thiazide-type-diuretic-medication.csv,2020-09-23,opensafely/Ethnicity-2nd-wave,2021-01-22 12:50:28+00:00,opensafely-thiazide-type-diuretic-medication,13699033,21697688,7998655,58
opensafely/Ethnicity-2nd-wave,remove-ICU-outcome,codelists/opensafely-thiazide-type-diuretic-medication.csv,2020-09-23,opensafely/Ethnicity-2nd-wave,2021-01-12 14:35:10+00:00,opensafely-thiazide-type-diuretic-medication,13699033,21697688,7998655,58
opensafely/dmd_codelist_investigation,main,codelists/opensafely-thiazide-type-diuretic-medication.csv,2020-09-23,opensafely/dmd_codelist_investigation,2022-09-03 15:46:05+00:00,opensafely-thiazide-type-diuretic-medication,13699033,21697688,7998655,58
opensafely/ethnicity-covid-3rd-wave,master,codelists/opensafely-thiazide-type-diuretic-medication.csv,2020-09-23,opensafely/ethnicity-covid-3rd-wave,2021-05-06 17:50:02+00:00,opensafely-thiazide-type-diuretic-medication,13699033,21697688,7998655,58
opensafely/oral-anticoagulant-covid-outcome,main,codelists/opensafely-antiplatelets.csv,2021-05-26,opensafely/oral-anticoagulant-covid-outcome,2021-10-18 10:50:09+00:00,opensafely-antiplatelets,36466549,53927351,17460802,48
opensafely/dmd_codelist_investigation,main,codelists/opensafely-antiplatelets.csv,2021-05-26,opensafely/dmd_codelist_investigation,2022-09-03 15:46:05+00:00,opensafely-antiplatelets,36466549,53927351,17460802,48
opensafely/anticoagulants-research,master,codelists/opensafely-antiplatelets.csv,2021-05-26,opensafely/anticoagulants-research,2021-07-28 12:43:16+00:00,opensafely-antiplatelets,36466549,53927351,17460802,48
opensafely/dmd_codelist_investigation,main,codelists/opensafely-high-dose-single-ingredient-ics-inhalers.csv,2020-08-19,opensafely/dmd_codelist_investigation,2022-09-03 15:46:05+00:00,opensafely-high-dose-single-ingredient-ics-inhalers,233161,303218,70057,30
opensafely/antipsychotics-prescribing-during-COVID-19,master,codelists/opensafely-first-generation-antipsychotics-excluding-long-acting-depots-dmd.csv,2021-05-26,opensafely/antipsychotics-prescribing-during-COVID-19,2022-04-27 13:20:15+00:00,opensafely-first-generation-antipsychotics-excluding-long-acting-depots-dmd,1545844,1953077,407233,26
opensafely/dmd_codelist_investigation,main,codelists/opensafely-first-generation-antipsychotics-excluding-long-acting-depots-dmd.csv,2021-05-26,opensafely/dmd_codelist_investigation,2022-09-03 15:46:05+00:00,opensafely-first-generation-antipsychotics-excluding-long-acting-depots-dmd,1545844,1953077,407233,26
opensafely/dmd_codelist_investigation,main,codelists/opensafely-azithromycin-medication.csv,2021-05-27,opensafely/dmd_codelist_investigation,2022-09-03 15:46:05+00:00,opensafely-azithromycin-medication,1008332,1221342,213010,21
opensafely/DISECT_UK_India_COVID,main,codelists/opensafely-antidiabetic-drugs.csv,2020-08-19,opensafely/DISECT_UK_India_COVID,2022-09-01 17:48:17+00:00,opensafely-antidiabetic-drugs,59771911,69581853,9809942,16
opensafely/BMI-and-Metabolic-Markers,main,codelists/opensafely-antidiabetic-drugs.csv,2020-08-19,opensafely/BMI-and-Metabolic-Markers,2022-07-28 13:38:35+00:00,opensafely-antidiabetic-drugs,59771911,69581853,9809942,16
opensafely/Ethnicity-2nd-wave,remove-ICU-outcome,codelists/opensafely-antidiabetic-drugs.csv,2020-08-19,opensafely/Ethnicity-2nd-wave,2021-01-12 14:35:10+00:00,opensafely-antidiabetic-drugs,59771911,69581853,9809942,16
opensafely/non-specific-immunity-research,DG-Dev,codelists/opensafely-antidiabetic-drugs.csv,2020-08-19,opensafely/non-specific-immunity-research,2020-12-15 13:55:10+00:00,opensafely-antidiabetic-drugs,59771911,69581853,9809942,16
opensafely/Ethnicity-2nd-wave,master,codelists/opensafely-antidiabetic-drugs.csv,2020-08-19,opensafely/Ethnicity-2nd-wave,2021-01-22 12:50:28+00:00,opensafely-antidiabetic-drugs,59771911,69581853,9809942,16
opensafely/second-line-diabetes-covid-research,master,codelists/opensafely-antidiabetic-drugs.csv,2020-08-19,opensafely/second-line-diabetes-covid-research,2021-09-28 19:14:45+00:00,opensafely-antidiabetic-drugs,59771911,69581853,9809942,16
opensafely/school-age-children-and-covid2,master,codelists/opensafely-antidiabetic-drugs.csv,2020-08-19,opensafely/school-age-children-and-covid2,2021-08-11 09:28:55+00:00,opensafely-antidiabetic-drugs,59771911,69581853,9809942,16
opensafely/school-age-children-and-covid,master,codelists/opensafely-antidiabetic-drugs.csv,2020-08-19,opensafely/school-age-children-and-covid,2020-10-30 18:10:49.909320+00:00,opensafely-antidiabetic-drugs,59771911,69581853,9809942,16
opensafely/post-covid-vaccinated,main,codelists/opensafely-antidiabetic-drugs.csv,2020-08-19,opensafely/post-covid-vaccinated,2022-09-01 14:01:30+00:00,opensafely-antidiabetic-drugs,59771911,69581853,9809942,16
opensafely/post-covid-unvaccinated,main,codelists/opensafely-antidiabetic-drugs.csv,2020-08-19,opensafely/post-covid-unvaccinated,2022-07-21 10:46:53+00:00,opensafely-antidiabetic-drugs,59771911,69581853,9809942,16
opensafely/post-covid-pre-vaccinated-cardiovascular,main,codelists/opensafely-antidiabetic-drugs.csv,2020-08-19,opensafely/post-covid-pre-vaccinated-cardiovascular,2022-09-02 10:34:17+00:00,opensafely-antidiabetic-drugs,59771911,69581853,9809942,16
opensafely/post-covid-mentalhealth,main,codelists/opensafely-antidiabetic-drugs.csv,2020-08-19,opensafely/post-covid-mentalhealth,2022-09-09 14:55:22+00:00,opensafely-antidiabetic-drugs,59771911,69581853,9809942,16
opensafely/post-covid-diabetes,make-diabetes-three-cohort-repo,codelists/opensafely-antidiabetic-drugs.csv,2020-08-19,opensafely/post-covid-diabetes,2022-09-05 20:40:35+00:00,opensafely-antidiabetic-drugs,59771911,69581853,9809942,16
opensafely/post-covid-diabetes,main,codelists/opensafely-antidiabetic-drugs.csv,2020-08-19,opensafely/post-covid-diabetes,2022-09-13 16:31:02+00:00,opensafely-antidiabetic-drugs,59771911,69581853,9809942,16
opensafely/non-specific-immunity-research,master,codelists/opensafely-antidiabetic-drugs.csv,2020-08-19,opensafely/non-specific-immunity-research,2021-03-25 21:27:54+00:00,opensafely-antidiabetic-drugs,59771911,69581853,9809942,16
opensafely/os-sch-children-2021,main,codelists/opensafely-antidiabetic-drugs.csv,2020-08-19,opensafely/os-sch-children-2021,2022-05-29 19:53:05+00:00,opensafely-antidiabetic-drugs,59771911,69581853,9809942,16
opensafely/households-research,master,codelists/opensafely-antidiabetic-drugs.csv,2020-08-19,opensafely/households-research,2020-12-29 21:50:45+00:00,opensafely-antidiabetic-drugs,59771911,69581853,9809942,16
opensafely/HbA1c-levels,master,codelists/opensafely-antidiabetic-drugs.csv,2020-08-19,opensafely/HbA1c-levels,2022-02-22 12:58:26+00:00,opensafely-antidiabetic-drugs,59771911,69581853,9809942,16
opensafely/hh-classification-research,master,codelists/opensafely-antidiabetic-drugs.csv,2020-08-19,opensafely/hh-classification-research,2022-06-16 10:20:04+00:00,opensafely-antidiabetic-drugs,59771911,69581853,9809942,16
opensafely/ethnicity-covid-3rd-wave,master,codelists/opensafely-antidiabetic-drugs.csv,2020-08-19,opensafely/ethnicity-covid-3rd-wave,2021-05-06 17:50:02+00:00,opensafely-antidiabetic-drugs,59771911,69581853,9809942,16
opensafely/dmd_codelist_investigation,main,codelists/opensafely-antidiabetic-drugs.csv,2020-08-19,opensafely/dmd_codelist_investigation,2022-09-03 15:46:05+00:00,opensafely-antidiabetic-drugs,59771911,69581853,9809942,16
opensafely/T1DM_covid_research,python-matching,codelists/opensafely-antidiabetic-drugs.csv,2020-08-19,opensafely/T1DM_covid_research,2021-02-03 17:21:57+00:00,opensafely-antidiabetic-drugs,59771911,69581853,9809942,16
opensafely/T1DM_covid_research,master,codelists/opensafely-antidiabetic-drugs.csv,2020-08-19,opensafely/T1DM_covid_research,2021-04-29 10:15:21+00:00,opensafely-antidiabetic-drugs,59771911,69581853,9809942,16
opensafely/dmd_codelist_investigation,main,codelists/opensafely-ibuprofen-oral.csv,2020-10-21,opensafely/dmd_codelist_investigation,2022-09-03 15:46:05+00:00,opensafely-ibuprofen-oral,1896798,2077201,180403,10
opensafely/anticoagulants-research,master,codelists/opensafely-oestrogen-and-oestrogen-like-drugs.csv,2021-05-26,opensafely/anticoagulants-research,2021-07-28 12:43:16+00:00,opensafely-oestrogen-and-oestrogen-like-drugs,12008666,13064560,1055894,9
opensafely/dmd_codelist_investigation,main,codelists/opensafely-oestrogen-and-oestrogen-like-drugs.csv,2021-05-26,opensafely/dmd_codelist_investigation,2022-09-03 15:46:05+00:00,opensafely-oestrogen-and-oestrogen-like-drugs,12008666,13064560,1055894,9
opensafely/oral-anticoagulant-covid-outcome,main,codelists/opensafely-oestrogen-and-oestrogen-like-drugs.csv,2021-05-26,opensafely/oral-anticoagulant-covid-outcome,2021-10-18 10:50:09+00:00,opensafely-oestrogen-and-oestrogen-like-drugs,12008666,13064560,1055894,9
opensafely/dmd_codelist_investigation,main,codelists/opensafely-single-ingredient-laba-inhalers.csv,2020-10-21,opensafely/dmd_codelist_investigation,2022-09-03 15:46:05+00:00,opensafely-single-ingredient-laba-inhalers,615567,656672,41105,7
opensafely/ethnicity-covid-3rd-wave,master,codelists/opensafely-beta-blocker-medications.csv,2018-10-29,opensafely/ethnicity-covid-3rd-wave,2021-05-06 17:50:02+00:00,opensafely-beta-blocker-medications,64360230,67709527,3349297,5
opensafely/Ethnicity-2nd-wave,master,codelists/opensafely-beta-blocker-medications.csv,2018-10-29,opensafely/Ethnicity-2nd-wave,2021-01-22 12:50:28+00:00,opensafely-beta-blocker-medications,64360230,67709527,3349297,5
opensafely/Ethnicity-2nd-wave,remove-ICU-outcome,codelists/opensafely-beta-blocker-medications.csv,2018-10-29,opensafely/Ethnicity-2nd-wave,2021-01-12 14:35:10+00:00,opensafely-beta-blocker-medications,64360230,67709527,3349297,5
opensafely/dmd_codelist_investigation,main,codelists/opensafely-beta-blocker-medications.csv,2018-10-29,opensafely/dmd_codelist_investigation,2022-09-03 15:46:05+00:00,opensafely-beta-blocker-medications,64360230,67709527,3349297,5
opensafely/DISECT_UK_India_COVID,main,codelists/opensafely-beta-blocker-medications.csv,2018-10-29,opensafely/DISECT_UK_India_COVID,2022-09-01 17:48:17+00:00,opensafely-beta-blocker-medications,64360230,67709527,3349297,5
opensafely/dmd_codelist_investigation,main,codelists/opensafely-high-dose-ics-inhalers.csv,2020-08-19,opensafely/dmd_codelist_investigation,2022-09-03 15:46:05+00:00,opensafely-high-dose-ics-inhalers,6932286,7193678,261392,4
opensafely/ethnicity-covid-3rd-wave,master,codelists/opensafely-alpha-adrenoceptor-blocking-drugs.csv,2020-09-23,opensafely/ethnicity-covid-3rd-wave,2021-05-06 17:50:02+00:00,opensafely-alpha-adrenoceptor-blocking-drugs,10432578,10899757,467179,4
opensafely/dmd_codelist_investigation,main,codelists/opensafely-alpha-adrenoceptor-blocking-drugs.csv,2020-09-23,opensafely/dmd_codelist_investigation,2022-09-03 15:46:05+00:00,opensafely-alpha-adrenoceptor-blocking-drugs,10432578,10899757,467179,4
opensafely/Ethnicity-2nd-wave,remove-ICU-outcome,codelists/opensafely-alpha-adrenoceptor-blocking-drugs.csv,2020-09-23,opensafely/Ethnicity-2nd-wave,2021-01-12 14:35:10+00:00,opensafely-alpha-adrenoceptor-blocking-drugs,10432578,10899757,467179,4
opensafely/dmd_codelist_investigation,main,codelists/opensafely-antihistamines-oral.csv,2020-10-21,opensafely/dmd_codelist_investigation,2022-09-03 15:46:05+00:00,opensafely-antihistamines-oral,21329939,22153471,823532,4
opensafely/Ethnicity-2nd-wave,master,codelists/opensafely-alpha-adrenoceptor-blocking-drugs.csv,2020-09-23,opensafely/Ethnicity-2nd-wave,2021-01-22 12:50:28+00:00,opensafely-alpha-adrenoceptor-blocking-drugs,10432578,10899757,467179,4
opensafely/DISECT_UK_India_COVID,main,codelists/opensafely-alpha-adrenoceptor-blocking-drugs.csv,2020-09-23,opensafely/DISECT_UK_India_COVID,2022-09-01 17:48:17+00:00,opensafely-alpha-adrenoceptor-blocking-drugs,10432578,10899757,467179,4
opensafely/dmd_codelist_investigation,main,codelists/opensafely-laba-ics-combination-inhaler.csv,2020-08-19,opensafely/dmd_codelist_investigation,2022-09-03 15:46:05+00:00,opensafely-laba-ics-combination-inhaler,23748374,24415913,667539,3
opensafely/post-covid-diabetes,main,codelists/opensafely-second-generation-antipsychotics-excluding-long-acting-injections.csv,2021-05-26,opensafely/post-covid-diabetes,2022-09-13 16:31:02+00:00,opensafely-second-generation-antipsychotics-excluding-long-acting-injections,15563560,15973166,409606,3
opensafely/post-covid-vaccinated,main,codelists/opensafely-second-generation-antipsychotics-excluding-long-acting-injections.csv,2021-05-26,opensafely/post-covid-vaccinated,2022-09-01 14:01:30+00:00,opensafely-second-generation-antipsychotics-excluding-long-acting-injections,15563560,15973166,409606,3
opensafely/post-covid-unvaccinated,main,codelists/opensafely-second-generation-antipsychotics-excluding-long-acting-injections.csv,2021-05-26,opensafely/post-covid-unvaccinated,2022-07-21 10:46:53+00:00,opensafely-second-generation-antipsychotics-excluding-long-acting-injections,15563560,15973166,409606,3
opensafely/post-covid-pre-vaccinated-cardiovascular,main,codelists/opensafely-second-generation-antipsychotics-excluding-long-acting-injections.csv,2021-05-26,opensafely/post-covid-pre-vaccinated-cardiovascular,2022-09-02 10:34:17+00:00,opensafely-second-generation-antipsychotics-excluding-long-acting-injections,15563560,15973166,409606,3
opensafely/post-covid-mentalhealth,main,codelists/opensafely-second-generation-antipsychotics-excluding-long-acting-injections.csv,2021-05-26,opensafely/post-covid-mentalhealth,2022-09-09 14:55:22+00:00,opensafely-second-generation-antipsychotics-excluding-long-acting-injections,15563560,15973166,409606,3
opensafely/post-covid-diabetes,make-diabetes-three-cohort-repo,codelists/opensafely-second-generation-antipsychotics-excluding-long-acting-injections.csv,2021-05-26,opensafely/post-covid-diabetes,2022-09-05 20:40:35+00:00,opensafely-second-generation-antipsychotics-excluding-long-acting-injections,15563560,15973166,409606,3
opensafely/dmd_codelist_investigation,main,codelists/opensafely-second-generation-antipsychotics-excluding-long-acting-injections.csv,2021-05-26,opensafely/dmd_codelist_investigation,2022-09-03 15:46:05+00:00,opensafely-second-generation-antipsychotics-excluding-long-acting-injections,15563560,15973166,409606,3
opensafely/antipsychotics-prescribing-during-COVID-19,master,codelists/opensafely-second-generation-antipsychotics-excluding-long-acting-injections.csv,2021-05-26,opensafely/antipsychotics-prescribing-during-COVID-19,2022-04-27 13:20:15+00:00,opensafely-second-generation-antipsychotics-excluding-long-acting-injections,15563560,15973166,409606,3
opensafely/SA_carehomerx,main,codelists/opensafely-second-generation-antipsychotics-excluding-long-acting-injections.csv,2021-05-26,opensafely/SA_carehomerx,2021-09-15 15:58:35+00:00,opensafely-second-generation-antipsychotics-excluding-long-acting-injections,15563560,15973166,409606,3
opensafely/CareHomePrescribing,main,codelists/opensafely-second-generation-antipsychotics-excluding-long-acting-injections.csv,2021-05-26,opensafely/CareHomePrescribing,2022-01-18 11:33:33+00:00,opensafely-second-generation-antipsychotics-excluding-long-acting-injections,15563560,15973166,409606,3
opensafely/dmd_codelist_investigation,main,codelists/opensafely-high-dose-multiple-ingredient-ics-inhalers.csv,2020-08-19,opensafely/dmd_codelist_investigation,2022-09-03 15:46:05+00:00,opensafely-high-dose-multiple-ingredient-ics-inhalers,6637057,6828392,191335,3
opensafely/dmd_codelist_investigation,main,codelists/opensafely-single-ingredient-ics.csv,2020-08-19,opensafely/dmd_codelist_investigation,2022-09-03 15:46:05+00:00,opensafely-single-ingredient-ics,10048146,10310630,262484,3
opensafely/post-admission-admissions-research,master,codelists/opensafely-asthma-oral-prednisolone-medication.csv,2021-05-27,opensafely/post-admission-admissions-research,2021-10-04 15:29:12+00:00,opensafely-asthma-oral-prednisolone-medication,10372838,10614946,242108,2
opensafely/long-covid-risk-factors-and-prediction,main,codelists/opensafely-asthma-oral-prednisolone-medication.csv,2021-05-27,opensafely/long-covid-risk-factors-and-prediction,2022-09-11 15:46:56+00:00,opensafely-asthma-oral-prednisolone-medication,10372838,10614946,242108,2
opensafely/long-covid-sick-notes,master,codelists/opensafely-asthma-oral-prednisolone-medication.csv,2021-05-27,opensafely/long-covid-sick-notes,2022-05-22 12:51:19+00:00,opensafely-asthma-oral-prednisolone-medication,10372838,10614946,242108,2
opensafely/os-sch-children-2021,main,codelists/opensafely-asthma-oral-prednisolone-medication.csv,2021-05-27,opensafely/os-sch-children-2021,2022-05-29 19:53:05+00:00,opensafely-asthma-oral-prednisolone-medication,10372838,10614946,242108,2
opensafely/school-age-children-and-covid2,master,codelists/opensafely-asthma-oral-prednisolone-medication.csv,2021-05-27,opensafely/school-age-children-and-covid2,2021-08-11 09:28:55+00:00,opensafely-asthma-oral-prednisolone-medication,10372838,10614946,242108,2
opensafely/long-covid,simplified-for-ce2,codelists/opensafely-asthma-oral-prednisolone-medication.csv,2021-05-27,opensafely/long-covid,2021-08-04 15:56:38+00:00,opensafely-asthma-oral-prednisolone-medication,10372838,10614946,242108,2
opensafely/dmd_codelist_investigation,main,codelists/opensafely-low-and-medium-dose-ics-inhalers.csv,2020-08-19,opensafely/dmd_codelist_investigation,2022-09-03 15:46:05+00:00,opensafely-low-and-medium-dose-ics-inhalers,30550708,31219339,668631,2
opensafely/dmd_codelist_investigation,main,codelists/opensafely-low-and-medium-dose-single-ingredient-ics-inhalers.csv,2020-08-19,opensafely/dmd_codelist_investigation,2022-09-03 15:46:05+00:00,opensafely-low-and-medium-dose-single-ingredient-ics-inhalers,9814985,10007412,192427,2
opensafely/dmd_codelist_investigation,main,codelists/opensafely-low-and-medium-dose-multiple-ingredient-ics-inhalers.csv,2020-08-19,opensafely/dmd_codelist_investigation,2022-09-03 15:46:05+00:00,opensafely-low-and-medium-dose-multiple-ingredient-ics-inhalers,20797791,21273995,476204,2
opensafely/oral-anticoagulant-covid-outcome,main,codelists/opensafely-nsaids-oral.csv,2019-04-25,opensafely/oral-anticoagulant-covid-outcome,2021-10-18 10:50:09+00:00,opensafely-nsaids-oral,16950251,17339265,389014,2
opensafely/dmd_codelist_investigation,main,codelists/opensafely-nsaids-oral.csv,2019-04-25,opensafely/dmd_codelist_investigation,2022-09-03 15:46:05+00:00,opensafely-nsaids-oral,16950251,17339265,389014,2
opensafely/anticoagulants-research,master,codelists/opensafely-nsaids-oral.csv,2019-04-25,opensafely/anticoagulants-research,2021-07-28 12:43:16+00:00,opensafely-nsaids-oral,16950251,17339265,389014,2
opensafely/long-covid-historical-health,main,codelists/opensafely-asthma-oral-prednisolone-medication.csv,2021-05-27,opensafely/long-covid-historical-health,2021-06-27 21:29:22+00:00,opensafely-asthma-oral-prednisolone-medication,10372838,10614946,242108,2
opensafely/Ethnicity-2nd-wave,master,codelists/opensafely-asthma-inhaler-steroid-medication.csv,2020-08-19,opensafely/Ethnicity-2nd-wave,2021-01-22 12:50:28+00:00,opensafely-asthma-inhaler-steroid-medication,37482994,38413017,930023,2
opensafely/long-covid,imd,codelists/opensafely-asthma-oral-prednisolone-medication.csv,2021-05-27,opensafely/long-covid,2022-07-18 23:18:33+00:00,opensafely-asthma-oral-prednisolone-medication,10372838,10614946,242108,2
opensafely/dmd_codelist_investigation,main,codelists/opensafely-asthma-inhaler-steroid-medication.csv,2020-08-19,opensafely/dmd_codelist_investigation,2022-09-03 15:46:05+00:00,opensafely-asthma-inhaler-steroid-medication,37482994,38413017,930023,2
opensafely/long-covid-historical-health,main,codelists/opensafely-asthma-inhaler-steroid-medication.csv,2020-08-19,opensafely/long-covid-historical-health,2021-06-27 21:29:22+00:00,opensafely-asthma-inhaler-steroid-medication,37482994,38413017,930023,2
opensafely/long-covid,simplified-for-ce2,codelists/opensafely-asthma-inhaler-steroid-medication.csv,2020-08-19,opensafely/long-covid,2021-08-04 15:56:38+00:00,opensafely-asthma-inhaler-steroid-medication,37482994,38413017,930023,2
opensafely/long-covid,imd,codelists/opensafely-asthma-inhaler-steroid-medication.csv,2020-08-19,opensafely/long-covid,2022-07-18 23:18:33+00:00,opensafely-asthma-inhaler-steroid-medication,37482994,38413017,930023,2
opensafely/long-covid,EMIS,codelists/opensafely-asthma-inhaler-steroid-medication.csv,2020-08-19,opensafely/long-covid,2022-03-14 15:56:51+00:00,opensafely-asthma-inhaler-steroid-medication,37482994,38413017,930023,2
opensafely/households-research,master,codelists/opensafely-asthma-inhaler-steroid-medication.csv,2020-08-19,opensafely/households-research,2020-12-29 21:50:45+00:00,opensafely-asthma-inhaler-steroid-medication,37482994,38413017,930023,2
opensafely/hh-classification-research,master,codelists/opensafely-asthma-inhaler-steroid-medication.csv,2020-08-19,opensafely/hh-classification-research,2022-06-16 10:20:04+00:00,opensafely-asthma-inhaler-steroid-medication,37482994,38413017,930023,2
opensafely/ethnicity-covid-3rd-wave,master,codelists/opensafely-asthma-inhaler-steroid-medication.csv,2020-08-19,opensafely/ethnicity-covid-3rd-wave,2021-05-06 17:50:02+00:00,opensafely-asthma-inhaler-steroid-medication,37482994,38413017,930023,2
opensafely/date-window-test,main,codelists/opensafely-asthma-inhaler-steroid-medication.csv,2020-08-19,opensafely/date-window-test,2022-09-02 10:56:25+00:00,opensafely-asthma-inhaler-steroid-medication,37482994,38413017,930023,2
opensafely/long-covid-sick-notes,master,codelists/opensafely-asthma-inhaler-steroid-medication.csv,2020-08-19,opensafely/long-covid-sick-notes,2022-05-22 12:51:19+00:00,opensafely-asthma-inhaler-steroid-medication,37482994,38413017,930023,2
opensafely/covid-vs-noncovid-deaths-research,master,codelists/opensafely-asthma-inhaler-steroid-medication.csv,2020-08-19,opensafely/covid-vs-noncovid-deaths-research,2021-07-21 08:15:48+00:00,opensafely-asthma-inhaler-steroid-medication,37482994,38413017,930023,2
opensafely/SGTF-Omi-research,main,codelists/opensafely-asthma-inhaler-steroid-medication.csv,2020-08-19,opensafely/SGTF-Omi-research,2022-02-17 16:00:00+00:00,opensafely-asthma-inhaler-steroid-medication,37482994,38413017,930023,2
opensafely/SGTF-CFR-research,master,codelists/opensafely-asthma-inhaler-steroid-medication.csv,2020-08-19,opensafely/SGTF-CFR-research,2021-07-13 12:25:28+00:00,opensafely-asthma-inhaler-steroid-medication,37482994,38413017,930023,2
opensafely/SGTF-617-research,master,codelists/opensafely-asthma-inhaler-steroid-medication.csv,2020-08-19,opensafely/SGTF-617-research,2021-07-21 10:01:45+00:00,opensafely-asthma-inhaler-steroid-medication,37482994,38413017,930023,2
opensafely/Ethnicity-2nd-wave,remove-ICU-outcome,codelists/opensafely-asthma-inhaler-steroid-medication.csv,2020-08-19,opensafely/Ethnicity-2nd-wave,2021-01-12 14:35:10+00:00,opensafely-asthma-inhaler-steroid-medication,37482994,38413017,930023,2
opensafely/dmd_codelist_investigation,main,codelists/opensafely-combination-blood-pressure-medication.csv,2021-05-26,opensafely/dmd_codelist_investigation,2022-09-03 15:46:05+00:00,opensafely-combination-blood-pressure-medication,954978,970255,15277,2
opensafely/DISECT_UK_India_COVID,main,codelists/opensafely-combination-blood-pressure-medication.csv,2021-05-26,opensafely/DISECT_UK_India_COVID,2022-09-01 17:48:17+00:00,opensafely-combination-blood-pressure-medication,954978,970255,15277,2
opensafely/long-covid,EMIS,codelists/opensafely-asthma-oral-prednisolone-medication.csv,2021-05-27,opensafely/long-covid,2022-03-14 15:56:51+00:00,opensafely-asthma-oral-prednisolone-medication,10372838,10614946,242108,2
opensafely/long-covid-risk-factors-and-prediction,main,codelists/opensafely-asthma-inhaler-steroid-medication.csv,2020-08-19,opensafely/long-covid-risk-factors-and-prediction,2022-09-11 15:46:56+00:00,opensafely-asthma-inhaler-steroid-medication,37482994,38413017,930023,2
opensafely/non-specific-immunity-research,DG-Dev,codelists/opensafely-asthma-inhaler-steroid-medication.csv,2020-08-19,opensafely/non-specific-immunity-research,2020-12-15 13:55:10+00:00,opensafely-asthma-inhaler-steroid-medication,37482994,38413017,930023,2
opensafely/SGTF-Omi-research,main,codelists/opensafely-asthma-oral-prednisolone-medication.csv,2021-05-27,opensafely/SGTF-Omi-research,2022-02-17 16:00:00+00:00,opensafely-asthma-oral-prednisolone-medication,10372838,10614946,242108,2
opensafely/immunosuppressant-meds-research,master,codelists/opensafely-asthma-oral-prednisolone-medication.csv,2021-05-27,opensafely/immunosuppressant-meds-research,2022-05-04 17:09:22+00:00,opensafely-asthma-oral-prednisolone-medication,10372838,10614946,242108,2
opensafely/hh-classification-research,master,codelists/opensafely-asthma-oral-prednisolone-medication.csv,2021-05-27,opensafely/hh-classification-research,2022-06-16 10:20:04+00:00,opensafely-asthma-oral-prednisolone-medication,10372838,10614946,242108,2
opensafely/dmd_codelist_investigation,main,codelists/opensafely-asthma-oral-prednisolone-medication.csv,2021-05-27,opensafely/dmd_codelist_investigation,2022-09-03 15:46:05+00:00,opensafely-asthma-oral-prednisolone-medication,10372838,10614946,242108,2
opensafely/covid_mortality_over_time,main,codelists/opensafely-asthma-oral-prednisolone-medication.csv,2021-05-27,opensafely/covid_mortality_over_time,2022-07-25 10:19:28+00:00,opensafely-asthma-oral-prednisolone-medication,10372838,10614946,242108,2
opensafely/covid_mortality_over_time,explore-old-imd-data-extract,codelists/opensafely-asthma-oral-prednisolone-medication.csv,2021-05-27,opensafely/covid_mortality_over_time,2022-07-14 17:52:32+00:00,opensafely-asthma-oral-prednisolone-medication,10372838,10614946,242108,2
opensafely/covid-vs-noncovid-deaths-research,master,codelists/opensafely-asthma-oral-prednisolone-medication.csv,2021-05-27,opensafely/covid-vs-noncovid-deaths-research,2021-07-21 08:15:48+00:00,opensafely-asthma-oral-prednisolone-medication,10372838,10614946,242108,2
opensafely/non-specific-immunity-research,master,codelists/opensafely-asthma-inhaler-steroid-medication.csv,2020-08-19,opensafely/non-specific-immunity-research,2021-03-25 21:27:54+00:00,opensafely-asthma-inhaler-steroid-medication,37482994,38413017,930023,2
opensafely/absolute-risks-covid-research,master,codelists/opensafely-asthma-oral-prednisolone-medication.csv,2021-05-27,opensafely/absolute-risks-covid-research,2021-06-07 09:41:15+00:00,opensafely-asthma-oral-prednisolone-medication,10372838,10614946,242108,2
opensafely/SGTF-CFR-research,master,codelists/opensafely-asthma-oral-prednisolone-medication.csv,2021-05-27,opensafely/SGTF-CFR-research,2021-07-13 12:25:28+00:00,opensafely-asthma-oral-prednisolone-medication,10372838,10614946,242108,2
opensafely/SGTF-617-research,master,codelists/opensafely-asthma-oral-prednisolone-medication.csv,2021-05-27,opensafely/SGTF-617-research,2021-07-21 10:01:45+00:00,opensafely-asthma-oral-prednisolone-medication,10372838,10614946,242108,2
opensafely/RA_outcomes,main,codelists/opensafely-asthma-oral-prednisolone-medication.csv,2021-05-27,opensafely/RA_outcomes,2022-09-13 15:43:49+00:00,opensafely-asthma-oral-prednisolone-medication,10372838,10614946,242108,2
opensafely/school-age-children-and-covid2,master,codelists/opensafely-asthma-inhaler-steroid-medication.csv,2020-08-19,opensafely/school-age-children-and-covid2,2021-08-11 09:28:55+00:00,opensafely-asthma-inhaler-steroid-medication,37482994,38413017,930023,2
opensafely/school-age-children-and-covid,master,codelists/opensafely-asthma-inhaler-steroid-medication.csv,2020-08-19,opensafely/school-age-children-and-covid,2020-10-30 18:10:49.909320+00:00,opensafely-asthma-inhaler-steroid-medication,37482994,38413017,930023,2
opensafely/post-admission-admissions-research,master,codelists/opensafely-asthma-inhaler-steroid-medication.csv,2020-08-19,opensafely/post-admission-admissions-research,2021-10-04 15:29:12+00:00,opensafely-asthma-inhaler-steroid-medication,37482994,38413017,930023,2
opensafely/os-sch-children-2021,main,codelists/opensafely-asthma-inhaler-steroid-medication.csv,2020-08-19,opensafely/os-sch-children-2021,2022-05-29 19:53:05+00:00,opensafely-asthma-inhaler-steroid-medication,37482994,38413017,930023,2
opensafely/oral-anticoagulant-covid-outcome,main,codelists/opensafely-proton-pump-inhibitors-ppi-oral.csv,2018-04-18,opensafely/oral-anticoagulant-covid-outcome,2021-10-18 10:50:09+00:00,opensafely-proton-pump-inhibitors-ppi-oral,113171236,113781759,610523,1
opensafely/dmd_codelist_investigation,main,codelists/opensafely-proton-pump-inhibitors-ppi-oral.csv,2018-04-18,opensafely/dmd_codelist_investigation,2022-09-03 15:46:05+00:00,opensafely-proton-pump-inhibitors-ppi-oral,113171236,113781759,610523,1
opensafely/anticoagulants-research,master,codelists/opensafely-proton-pump-inhibitors-ppi-oral.csv,2018-04-18,opensafely/anticoagulants-research,2021-07-28 12:43:16+00:00,opensafely-proton-pump-inhibitors-ppi-oral,113171236,113781759,610523,1
opensafely/dmd_codelist_investigation,main,codelists/opensafely-single-ingredient-lama-inhalers.csv,2020-08-19,opensafely/dmd_codelist_investigation,2022-09-03 15:46:05+00:00,opensafely-single-ingredient-lama-inhalers,7174802,7232665,57863,1
opensafely/covid-vaccine-effectiveness-research,positivity,codelists/opensafely-dmards.csv,2021-05-26,opensafely/covid-vaccine-effectiveness-research,2022-01-04 20:30:49+00:00,opensafely-dmards,6186203,6186203,0,0
opensafely/covid-ve-change-over-time,define-covs-at-svp,codelists/opensafely-dmards.csv,2021-05-26,opensafely/covid-ve-change-over-time,2022-06-28 07:12:29+00:00,opensafely-dmards,6186203,6186203,0,0
opensafely/post-covid-mentalhealth,main,codelists/opensafely-insulin-medication.csv,2020-08-19,opensafely/post-covid-mentalhealth,2022-09-09 14:55:22+00:00,opensafely-insulin-medication,12425588,12466509,40921,0
opensafely/post-covid-diabetes,make-diabetes-three-cohort-repo,codelists/opensafely-insulin-medication.csv,2020-08-19,opensafely/post-covid-diabetes,2022-09-05 20:40:35+00:00,opensafely-insulin-medication,12425588,12466509,40921,0
opensafely/asthma_indicators_qof,main,codelists/opensafely-asthma-related-drug-treatment-codes.csv,2005-08-19,opensafely/asthma_indicators_qof,2022-09-05 13:52:29+00:00,opensafely-asthma-related-drug-treatment-codes,79067162,79067162,0,0
opensafely/asthma_sro,master,codelists/opensafely-asthma-related-drug-treatment-codes.csv,2005-08-19,opensafely/asthma_sro,2022-09-04 09:23:03+00:00,opensafely-asthma-related-drug-treatment-codes,79067162,79067162,0,0
opensafely/dmd_codelist_investigation,main,codelists/opensafely-asthma-related-drug-treatment-codes.csv,2005-08-19,opensafely/dmd_codelist_investigation,2022-09-03 15:46:05+00:00,opensafely-asthma-related-drug-treatment-codes,79067162,79067162,0,0
opensafely/post-covid-diabetes,main,codelists/opensafely-insulin-medication.csv,2020-08-19,opensafely/post-covid-diabetes,2022-09-13 16:31:02+00:00,opensafely-insulin-medication,12425588,12466509,40921,0
opensafely/os-sch-children-2021,main,codelists/opensafely-insulin-medication.csv,2020-08-19,opensafely/os-sch-children-2021,2022-05-29 19:53:05+00:00,opensafely-insulin-medication,12425588,12466509,40921,0
opensafely/non-specific-immunity-research,master,codelists/opensafely-insulin-medication.csv,2020-08-19,opensafely/non-specific-immunity-research,2021-03-25 21:27:54+00:00,opensafely-insulin-medication,12425588,12466509,40921,0
opensafely/non-specific-immunity-research,DG-Dev,codelists/opensafely-insulin-medication.csv,2020-08-19,opensafely/non-specific-immunity-research,2020-12-15 13:55:10+00:00,opensafely-insulin-medication,12425588,12466509,40921,0
opensafely/households-research,master,codelists/opensafely-insulin-medication.csv,2020-08-19,opensafely/households-research,2020-12-29 21:50:45+00:00,opensafely-insulin-medication,12425588,12466509,40921,0
opensafely/hh-classification-research,master,codelists/opensafely-insulin-medication.csv,2020-08-19,opensafely/hh-classification-research,2022-06-16 10:20:04+00:00,opensafely-insulin-medication,12425588,12466509,40921,0
opensafely/dmd_codelist_investigation,main,codelists/opensafely-indometacin.csv,2020-09-23,opensafely/dmd_codelist_investigation,2022-09-03 15:46:05+00:00,opensafely-indometacin,175249,175250,1,0
opensafely/ethnicity-covid-3rd-wave,master,codelists/opensafely-insulin-medication.csv,2020-08-19,opensafely/ethnicity-covid-3rd-wave,2021-05-06 17:50:02+00:00,opensafely-insulin-medication,12425588,12466509,40921,0
opensafely/dmd_codelist_investigation,main,codelists/opensafely-insulin-medication.csv,2020-08-19,opensafely/dmd_codelist_investigation,2022-09-03 15:46:05+00:00,opensafely-insulin-medication,12425588,12466509,40921,0
opensafely/T1DM_covid_research,python-matching,codelists/opensafely-insulin-medication.csv,2020-08-19,opensafely/T1DM_covid_research,2021-02-03 17:21:57+00:00,opensafely-insulin-medication,12425588,12466509,40921,0
opensafely/T1DM_covid_research,master,codelists/opensafely-insulin-medication.csv,2020-08-19,opensafely/T1DM_covid_research,2021-04-29 10:15:21+00:00,opensafely-insulin-medication,12425588,12466509,40921,0
opensafely/HbA1c-levels,master,codelists/opensafely-insulin-medication.csv,2020-08-19,opensafely/HbA1c-levels,2022-02-22 12:58:26+00:00,opensafely-insulin-medication,12425588,12466509,40921,0
opensafely/Ethnicity-2nd-wave,remove-ICU-outcome,codelists/opensafely-insulin-medication.csv,2020-08-19,opensafely/Ethnicity-2nd-wave,2021-01-12 14:35:10+00:00,opensafely-insulin-medication,12425588,12466509,40921,0
opensafely/Ethnicity-2nd-wave,master,codelists/opensafely-insulin-medication.csv,2020-08-19,opensafely/Ethnicity-2nd-wave,2021-01-22 12:50:28+00:00,opensafely-insulin-medication,12425588,12466509,40921,0
opensafely/DISECT_UK_India_COVID,main,codelists/opensafely-insulin-medication.csv,2020-08-19,opensafely/DISECT_UK_India_COVID,2022-09-01 17:48:17+00:00,opensafely-insulin-medication,12425588,12466509,40921,0
opensafely/BMI-and-Metabolic-Markers,main,codelists/opensafely-insulin-medication.csv,2020-08-19,opensafely/BMI-and-Metabolic-Markers,2022-07-28 13:38:35+00:00,opensafely-insulin-medication,12425588,12466509,40921,0
opensafely/dmd_codelist_investigation,main,codelists/opensafely-angiotensin-ii-receptor-blockers-arbs.csv,2022-07-29,opensafely/dmd_codelist_investigation,2022-09-03 15:46:05+00:00,opensafely-angiotensin-ii-receptor-blockers-arbs,34086641,34086641,0,0
opensafely/RA_outcomes,main,codelists/opensafely-dmards.csv,2021-05-26,opensafely/RA_outcomes,2022-09-13 15:43:49+00:00,opensafely-dmards,6186203,6186203,0,0
opensafely/covid-unvaccinated-aimpaper,main,codelists/opensafely-dmards.csv,2021-05-26,opensafely/covid-unvaccinated-aimpaper,2021-10-03 14:02:47+00:00,opensafely-dmards,6186203,6186203,0,0
opensafely/FLUCATS,study-def-performance,codelists/opensafely-ace-inhibitor-medications.csv,2021-05-26,opensafely/FLUCATS,2022-09-12 12:50:26+00:00,opensafely-ace-inhibitor-medications,73568764,73568903,139,0
opensafely/covid-ve-change-over-time,include-prev-infection,codelists/opensafely-dmards.csv,2021-05-26,opensafely/covid-ve-change-over-time,2022-05-23 10:25:55+00:00,opensafely-dmards,6186203,6186203,0,0
opensafely/covid-vaccine-effectiveness-research,main,codelists/opensafely-dmards.csv,2021-05-26,opensafely/covid-vaccine-effectiveness-research,2021-07-02 12:30:09+00:00,opensafely-dmards,6186203,6186203,0,0
opensafely/covid-ve-change-over-time,previous-infection,codelists/opensafely-dmards.csv,2021-05-26,opensafely/covid-ve-change-over-time,2022-04-14 11:46:06+00:00,opensafely-dmards,6186203,6186203,0,0
opensafely/dmd_codelist_investigation,main,codelists/opensafely-dmards.csv,2021-05-26,opensafely/dmd_codelist_investigation,2022-09-03 15:46:05+00:00,opensafely-dmards,6186203,6186203,0,0
opensafely/early-inflammatory-arthritis,main,codelists/opensafely-dmards.csv,2021-05-26,opensafely/early-inflammatory-arthritis,2022-09-09 13:06:12+00:00,opensafely-dmards,6186203,6186203,0,0
opensafely/immunosuppressant-meds-research,master,codelists/opensafely-dmards.csv,2021-05-26,opensafely/immunosuppressant-meds-research,2022-05-04 17:09:22+00:00,opensafely-dmards,6186203,6186203,0,0
opensafely/tncc_ve,main,codelists/opensafely-dmards.csv,2021-05-26,opensafely/tncc_ve,2022-05-14 12:01:12+00:00,opensafely-dmards,6186203,6186203,0,0
opensafely/DISECT_UK_India_COVID,main,codelists/opensafely-angiotensin-ii-receptor-blockers-arbs.csv,2022-07-29,opensafely/DISECT_UK_India_COVID,2022-09-01 17:48:17+00:00,opensafely-angiotensin-ii-receptor-blockers-arbs,34086641,34086641,0,0
opensafely/dmd_codelist_investigation,main,codelists/opensafely-ace-inhibitor-medications.csv,2021-05-26,opensafely/dmd_codelist_investigation,2022-09-03 15:46:05+00:00,opensafely-ace-inhibitor-medications,73568764,73568903,139,0
opensafely/FLUCATS,main,codelists/opensafely-ace-inhibitor-medications.csv,2021-05-26,opensafely/FLUCATS,2022-09-12 17:15:45+00:00,opensafely-ace-inhibitor-medications,73568764,73568903,139,0
opensafely/post-covid-pre-vaccinated-cardiovascular,main,codelists/opensafely-insulin-medication.csv,2020-08-19,opensafely/post-covid-pre-vaccinated-cardiovascular,2022-09-02 10:34:17+00:00,opensafely-insulin-medication,12425588,12466509,40921,0
opensafely/DISECT_UK_India_COVID,main,codelists/opensafely-ace-inhibitor-medications.csv,2021-05-26,opensafely/DISECT_UK_India_COVID,2022-09-01 17:48:17+00:00,opensafely-ace-inhibitor-medications,73568764,73568903,139,0
opensafely/anticoagulants-research,master,codelists/opensafely-aspirin.csv,2021-05-26,opensafely/anticoagulants-research,2021-07-28 12:43:16+00:00,opensafely-aspirin,35392408,35451686,59278,0
opensafely/dmd_codelist_investigation,main,codelists/opensafely-aspirin.csv,2021-05-26,opensafely/dmd_codelist_investigation,2022-09-03 15:46:05+00:00,opensafely-aspirin,35392408,35451686,59278,0
opensafely/oral-anticoagulant-covid-outcome,main,codelists/opensafely-aspirin.csv,2021-05-26,opensafely/oral-anticoagulant-covid-outcome,2021-10-18 10:50:09+00:00,opensafely-aspirin,35392408,35451686,59278,0
opensafely/second-line-diabetes-covid-research,master,codelists/opensafely-insulin-medication.csv,2020-08-19,opensafely/second-line-diabetes-covid-research,2021-09-28 19:14:45+00:00,opensafely-insulin-medication,12425588,12466509,40921,0
opensafely/school-age-children-and-covid2,master,codelists/opensafely-insulin-medication.csv,2020-08-19,opensafely/school-age-children-and-covid2,2021-08-11 09:28:55+00:00,opensafely-insulin-medication,12425588,12466509,40921,0
opensafely/school-age-children-and-covid,master,codelists/opensafely-insulin-medication.csv,2020-08-19,opensafely/school-age-children-and-covid,2020-10-30 18:10:49.909320+00:00,opensafely-insulin-medication,12425588,12466509,40921,0
opensafely/post-covid-vaccinated,main,codelists/opensafely-insulin-medication.csv,2020-08-19,opensafely/post-covid-vaccinated,2022-09-01 14:01:30+00:00,opensafely-insulin-medication,12425588,12466509,40921,0
opensafely/post-covid-unvaccinated,main,codelists/opensafely-insulin-medication.csv,2020-08-19,opensafely/post-covid-unvaccinated,2022-07-21 10:46:53+00:00,opensafely-insulin-medication,12425588,12466509,40921,0
opensafely/covid-ve-change-over-time,main,codelists/opensafely-dmards.csv,2021-05-26,opensafely/covid-ve-change-over-time,2022-03-04 15:04:34+00:00,opensafely-dmards,6186203,6186203,0,0
